INSERT INTO ESTADO (id, nome) VALUES(1,'Acre'); 
INSERT INTO ESTADO (id, nome) VALUES(2,'Alagoas'); 
INSERT INTO ESTADO (id, nome) VALUES(3,'Amazonas');
INSERT INTO ESTADO (id, nome) VALUES(4,'Amapá');
INSERT INTO ESTADO (id, nome) VALUES(5,'Bahia');
INSERT INTO ESTADO (id, nome) VALUES(6,'Ceará');
INSERT INTO ESTADO (id, nome) VALUES(7,'Distrito Federal');
INSERT INTO ESTADO (id, nome) VALUES(8,'Espírito Santo');
INSERT INTO ESTADO (id, nome) VALUES(9,'Goiás');
INSERT INTO ESTADO (id, nome) VALUES(10,'Maranhão');
INSERT INTO ESTADO (id, nome) VALUES(11,'Minas Gerais');
INSERT INTO ESTADO (id, nome) VALUES(12,'Mato Grosso do Sul');
INSERT INTO ESTADO (id, nome) VALUES(13,'Mato Grosso');
INSERT INTO ESTADO (id, nome) VALUES(14,'Pará');
INSERT INTO ESTADO (id, nome) VALUES(15,'Paraíba');
INSERT INTO ESTADO (id, nome) VALUES(16,'Pernambuco');
INSERT INTO ESTADO (id, nome) VALUES(17,'Piauí');
INSERT INTO ESTADO (id, nome) VALUES(18,'Paraná');
INSERT INTO ESTADO (id, nome) VALUES(19,'Rio de Janeiro');
INSERT INTO ESTADO (id, nome) VALUES(20,'Rio Grande do Norte');
INSERT INTO ESTADO (id, nome) VALUES(21,'Rondônia');
INSERT INTO ESTADO (id, nome) VALUES(22,'Roraima');
INSERT INTO ESTADO (id, nome) VALUES(23,'Rio Grande do Sul');
INSERT INTO ESTADO (id, nome) VALUES(24,'Santa Catarina');
INSERT INTO ESTADO (id, nome) VALUES(25,'Sergipe');
INSERT INTO ESTADO (id, nome) VALUES(26,'São Paulo');
INSERT INTO ESTADO (id, nome) VALUES(27,'Tocantins');

INSERT INTO CIDADE (id, nome, estado_id) VALUES (1,'Afonso Cláudio', 8);
INSERT INTO CIDADE (id, nome, estado_id) VALUES (2,'Água Doce do Norte', 8);
INSERT INTO CIDADE (id, nome, estado_id) VALUES (3,'Tarauacá', 1);
INSERT INTO CIDADE (id, nome, estado_id) VALUES (4,'Xapuri', 1);
INSERT INTO CIDADE (id, nome, estado_id) VALUES (5,'Traipu', 2);
INSERT INTO CIDADE (id, nome, estado_id) VALUES (6,'Viçosa', 2);
INSERT INTO CIDADE (id, nome, estado_id) VALUES (7,'Amapá', 4);
INSERT INTO CIDADE (id, nome, estado_id) VALUES (8,'Calçoene', 4);
INSERT INTO CIDADE (id, nome, estado_id) VALUES (9,'Alvarães', 3);
INSERT INTO CIDADE (id, nome, estado_id) VALUES (10,'Amaturá', 3);
INSERT INTO CIDADE (id, nome, estado_id) VALUES (11,'Anamã', 3);
INSERT INTO CIDADE (id, nome, estado_id) VALUES (12,'Abaíra', 5);
INSERT INTO CIDADE (id, nome, estado_id) VALUES (13,'Abaré', 5);

INSERT INTO CLIENTE (id, nome, sexo, data_nascimento, idade, cidade_id) VALUES (1,'Luiz Miranda Silva Filho', 'M', '1996-09-17', 25, 1); 
INSERT INTO CLIENTE (id, nome, sexo, data_nascimento, idade, cidade_id) VALUES (2,'Laura Maria Souza Pontes', 'F', '1985-01-01', 37, 3);
INSERT INTO CLIENTE (id, nome, sexo, data_nascimento, idade, cidade_id) VALUES (3,'Roberto Cavalcanti Neto', 'M', '1978-06-12', 43, 5);
INSERT INTO CLIENTE (id, nome, sexo, data_nascimento, idade, cidade_id) VALUES (4,'Maria Fernanda Torres', 'F', '2020-04-03', 2, 8);